<?xml version="1.0" encoding="UTF-8"?>
<extension type="component" version="3.2" method="upgrade">
    <name>Roles</name>
    
    <creationDate>December 2013</creationDate>
    <author>Krzysztof Chadynka</author>
    <authorEmail>kchadynka@o2.pl</authorEmail>
    
    <version>0.0.1</version>
    
    <description>Description ...</description>
    
    <update>
        <schemas>
            <schemapath type="mysql">sql/updates/mysql/</schemapath>
        </schemas>
    </update>
    
    <files folder="site">
        <filename>index.html</filename>
        <filename>roles.php</filename>
    </files>
    
    <administration>
        <menu>Roles</menu>
        <files folder="admin">
            <filename>index.html</filename>
            <filename>roles.php</filename>
            <folder>sql</folder>
        </files>
    </administration>
</extension>

