<?xml version="1.0" encoding="UTF-8"?>
<extension type="component" version="3.2" method="upgrade">
    <name>Roles</name>
    
    <creationDate>December 2013</creationDate>
    <author>Krzysztof Chadynka</author>
    <authorEmail>kchadynka@o2.pl</authorEmail>
    
    <version>0.0.1</version>
    
    <description>Description ...</description>
    
    <install>
        <sql>
            <file driver="mysql" charset="utf8">sql/install.mysql.utf8.sql</file>
        </sql>
    </install>
    
    <uninstall>
        <sql>
            <file driver="mysql" charset="utf8">sql/unistall.mysql.utf8.sql</file>
        </sql>
    </uninstall>
                
    <update>
        <schemas>
            <schemapath type="mysql">sql/updates/mysql/</schemapath>
        </schemas>
    </update>
    
    <files folder="site">
        <filename>index.html</filename>
        <filename>roles.php</filename>
        <filename>controller.php</filename>
        <folder>views</folder>
        <folder>language</folder>
    </files>
    
    <administration>
        <menu>Roles Management</menu>
        <files folder="admin">
            <filename>index.html</filename>
            <filename>roles.php</filename>
            <filename>controller.php</filename>
            <folder>sql</folder>
            <folder>tables</folder>
            <folder>models</folder>
            <folder>views</folder>
            <folder>language</folder>
        </files>
    </administration>
</extension>